电话号码,HIAI转人工专用
18900000001,文本
18900000002,文本
18800000003,文本
18900000004,文本
18900000005,文本
18800000006,文本
18900000007,文本
18900000008,文本
18800000009,文本
18900000010,文本
18900000011,文本
18800000012,文本
18900000013,文本
18900000014,文本
18800000015,文本
18900000016,文本
18900000017,文本
18800000018,文本
18900000019,文本
18900000020,文本
18800000021,文本
18900000022,文本
18900000023,文本
18800000024,文本
18900000025,文本
18900000026,文本
18800000027,文本
18900000028,文本
18900000029,文本
18800000030,文本
18900000031,文本
18900000032,文本
18800000033,文本
18900000034,文本
18900000035,文本
18800000036,文本
18900000037,文本
18900000038,文本
18800000039,文本
18900000040,文本
18900000041,文本
18800000042,文本
18900000043,文本
18900000044,文本
18800000045,文本
18900000046,文本
18900000047,文本
18800000048,文本
18900000049,文本
18900000050,文本
18800000051,文本
18900000052,文本
18900000053,文本
18800000054,文本
18900000055,文本
18900000056,文本
18800000057,文本
18900000058,文本
18900000059,文本
18800000060,文本
18900000061,文本
18900000062,文本
18800000063,文本
18900000064,文本
18900000065,文本
18800000066,文本
18900000067,文本
18900000068,文本
18800000069,文本
18900000070,文本
18900000071,文本
18800000072,文本
18900000073,文本
18900000074,文本
18800000075,文本
18900000076,文本
18900000077,文本
18800000078,文本
18900000079,文本
18900000080,文本
18800000081,文本
18900000082,文本
18900000083,文本
18800000084,文本
18900000085,文本
18900000086,文本
18800000087,文本
18900000088,文本
18900000089,文本
18800000090,文本
18900000091,文本
18900000092,文本
18800000093,文本
18900000094,文本
18900000095,文本
18800000096,文本
18900000097,文本
18900000098,文本
18800000099,文本
18900000100,文本
